Class,True values,Estimated values
1,0.05555556,0.10000001
2,0.05555556,0
3,0.05555556,0
4,0.05555556,0.19999958
5,0.5,0.20000003
6,0.05555556,0
7,0.05555556,0.19999999
8,0.05555556,0.10000042
9,0.05555556,0.1
10,0.05555556,0.09999997
